{
  "schema": 1,
  "createdAt": "2026-07-17T11:34:47.952Z",
  "mode": "full",
  "context": {
    "node": "v24.18.0",
    "pyodideNpm": "314.0.2",
    "pyodideRuntime": "314.0.2",
    "platform": "linux",
    "release": "6.6.114.1-microsoft-standard-WSL2",
    "arch": "arm64",
    "cpuModel": "unknown",
    "cores": 16,
    "availableParallelism": 16,
    "browser": "chromium 149.0.7827.0",
    "userAgent": "Mozilla/5.0 (Windows NT 10.0; Win64; x64) AppleWebKit/537.36 (KHTML, like Gecko) Chrome/149.0.7827.55 Safari/537.36"
  },
  "config": {
    "poolSizes": [
      1,
      2,
      4
    ],
    "repetitions": 3,
    "primes": {
      "rangeStart": 2,
      "rangeEnd": 2000000,
      "chunkCount": 8,
      "expectedTotal": 148933
    }
  },
  "setup": [
    {
      "poolSize": 4,
      "warmupWallMs": 1478.445000000298,
      "workerBootMs": [
        1435.1899999976158,
        1433.6349999979138,
        1453.320000000298,
        1450.625
      ],
      "mirrorWarmMs": 0
    },
    {
      "poolSize": 2,
      "warmupWallMs": 1181.6349999979138,
      "workerBootMs": [
        1173.7599999979138,
        1163.9150000065565
      ],
      "mirrorWarmMs": 0
    }
  ],
  "workloads": [
    {
      "id": "primes",
      "title": "Prime counting (pure Python, CPU-bound)",
      "description": "Trial-division prime counting from the browser demo, driven through `window.__demo` in headless Chromium (serial = every chunk sequentially in one task on a warm worker; parallel = `pool.map()` across the chunks).",
      "totalWork": "primes in [2, 2000000) across 8 chunks",
      "cells": [
        {
          "poolSize": 1,
          "warmupMs": 6106.140000000596,
          "runsMs": [
            6130.784999996424,
            6087.704999998212,
            6076.329999998212
          ],
          "medianMs": 6087.704999998212,
          "value": 148933
        },
        {
          "poolSize": 2,
          "warmupMs": 3203.1200000047684,
          "runsMs": [
            3215.744999997318,
            3244.0999999940395,
            3283.35000000149
          ],
          "medianMs": 3244.0999999940395,
          "value": 148933
        },
        {
          "poolSize": 4,
          "warmupMs": 1953.1150000020862,
          "runsMs": [
            1947,
            1959.4250000044703,
            1909.8299999982119
          ],
          "medianMs": 1947,
          "value": 148933
        }
      ]
    }
  ],
  "overheads": {
    "workerBoot": {
      "samples": [
        1435.1899999976158,
        1433.6349999979138,
        1453.320000000298,
        1450.625,
        1173.7599999979138,
        1163.9150000065565
      ],
      "medianMs": 1434.4124999977648
    },
    "noopRoundTrip": {
      "samples": [],
      "medianMs": null
    },
    "payloadRoundTrip": {
      "samples": [],
      "medianMs": null,
      "payloadBytes": 0
    }
  },
  "failures": []
}
